	0	1	2	3
TCGA-05-4244	0.8058281313362062	0.12191378008279169	0.48243293656314995	0.16734098328060384
TCGA-05-4249	1.1715763089049192	0.40438883395293634	0.5765987336575317	0.22769381173102432
TCGA-05-4250	1.1449321882746086	0.6336040970978416	0.5829828112228636	0.5167960617662724
TCGA-05-4382	8.49964280491293	2.578226465067032	0.6600735414768204	0.5585714421427818
TCGA-05-4384	0.39818712206635487	0.08765261131574184	0.30929381999116	0.310346488899178
TCGA-05-4389	0.34840760017582373	1.0814043145343089	0.6668665997899926	0.3647218128855221
TCGA-05-4390	2.674729223921529	0.12026335712943943	0.6366581998698426	0.3625243188387494
TCGA-05-4395	0.7125215068168298	1.302753020454953	0.3807477552232709	0.37958162662758327
TCGA-05-4396	0.9060909449416374	0.1686032216277669	0.4598046779874882	0.4762240096251266
TCGA-05-4397	2.6665144041770175	1.953356652977783	0.7604944153182986	1.0807087169570333
TCGA-05-4398	2.7285780474294676	1.0759443309109102	1.0304141209115785	1.2288643804000505
TCGA-05-4402	0.03359137996901989	1.2400904978136345	0.12139891076009364	0.0
TCGA-05-4403	0.3103836687742002	0.06664730665758666	0.6531924132539352	0.19959228111934937
TCGA-05-4405	1.4687900798380096	0.34694111858805704	0.7422068354784708	0.21156416844706735
TCGA-05-4410	4.446901270102117	1.8180404125056726	0.7291324187777752	1.1327991465731622
TCGA-05-4415	0.9178948504294969	0.04490550095967443	0.2846118593915277	0.262278016425592
TCGA-05-4417	1.2110086939755624	0.05144718650031359	0.3631776380244072	0.30597391262655826
TCGA-05-4418	0.9196948887769699	0.13743073829931787	0.47121899574207293	0.6215961104056495
TCGA-05-4420	1.215404427911869	0.18961961756843287	0.46831506836016745	0.3120610329494681
TCGA-05-4422	0.03354593557745838	0.2423914887550529	0.12115193910747774	0.13396071341877427
TCGA-05-4424	3.0812695228260893	1.643443594198542	0.6708109281357598	0.0
TCGA-05-4425	0.0	0.023659162721048406	0.5395898786194142	0.005457141366287173
TCGA-05-4426	0.027311820748806403	0.064470378252205	0.31640381722375827	0.08333004306839413
TCGA-05-4427	4.149142404060266	0.7244410860066547	0.9229556071521545	1.3075106060169206
TCGA-05-4430	1.1583883305844527	0.22397746081699263	0.3283922616964687	0.17570045934508355
TCGA-05-4432	2.3204019219450083	0.20750855665344614	0.8708189360422437	1.063279788127597
TCGA-05-4433	0.0	0.007721291625549857	0.45832605357650036	0.0
TCGA-05-4434	0.011489267868197539	0.14729508097516794	0.24085444839167552	0.09133095444983011
TCGA-05-5420	0.24606314909526367	0.060269720116489664	0.3828255114881468	0.15618197878363024
TCGA-05-5423	0.5297969233449398	0.2014002302603592	0.47501056495972327	0.1310668297675596
TCGA-05-5425	2.392579681952305	0.48622892620805247	0.7329058017595338	0.4409775151065216
TCGA-05-5428	1.1705984282763555	1.5837426681365308	0.2443144778256069	0.8681852105378424
TCGA-05-5429	0.0	0.0706077573397385	0.4180668172577432	0.012644972395260955
TCGA-05-5715	0.02867665614360383	1.1588690715866288	0.4191783713710577	0.0
TCGA-35-3615	0.2531488098113841	0.5491815567300357	0.2111405469531516	0.3476304952339784
TCGA-35-4122	0.8252534419644282	0.49775886834712135	0.5914930752200181	0.7058163977619214
TCGA-35-4123	1.3590765178711817	0.2107183055513855	0.3642572490900073	0.052730744772654735
TCGA-35-5375	1.2536204929716541	0.44141430182217006	0.8006351597372032	0.7614628135429065
TCGA-38-4625	2.802784656998526	1.6685112133171431	0.18793422991361572	0.34639074778932416
TCGA-38-4626	1.2470279798682917	0.17717569906208505	0.04223125229371984	0.3218187554938556
TCGA-38-4627	0.03275761740962006	0.05155529918775723	0.19269850023475016	0.03297790969266174
TCGA-38-4628	0.21539131354577337	0.24322476959622172	0.4938427836376814	0.12811154735289387
TCGA-38-4629	0.7789675452630336	0.40451254805179887	0.5626558887369156	0.7172134651174299
TCGA-38-4630	0.08111203430132856	0.872572794456291	0.5827075792525902	0.044220565634069946
TCGA-38-4631	3.570833240230991	0.34332406461597886	0.5912322453513983	0.2563764412749101
TCGA-38-4632	2.0002284768009138	0.3194025505321469	0.6189252905186162	1.0215670660869318
TCGA-38-6178	0.09135903539309685	0.11758698005431072	0.2330463364940428	0.28016269213852824
TCGA-38-7271	0.2806436025105263	0.5540405290708265	0.05898118370100304	0.0
TCGA-38-A44F	0.006415840008998783	0.006513282400973575	0.11141315576225083	0.049063053229891275
TCGA-44-2655	0.8875249684716069	0.13707142390196408	0.1145939515220642	0.14363987594506752
TCGA-44-2656	4.118075539716536	0.2392789036633192	1.070865919253805	0.46912505505314656
TCGA-44-2657	1.8464871445414375	0.6831510401198563	0.5838315488262608	0.021582220288560095
TCGA-44-2659	2.019410048374094	0.204171598380281	0.5898252763792253	0.19964173217012013
TCGA-44-2661	0.02551679251128824	0.058905385868783675	0.17051557053101676	0.15647904364447515
TCGA-44-2662	0.23188481213008516	1.9630981621684551	0.1422193042383386	0.08957263913062571
TCGA-44-2665	0.0	0.17961158612338549	0.2705392214060164	0.14321831955576253
TCGA-44-2666	0.0	0.07375490281372932	0.21513780569892418	0.0779295452678671
TCGA-44-2668	1.4448039815840337	0.8276073079699903	0.14569248345613642	0.34841156636358156
TCGA-44-3396	0.24787972783186088	1.1458001797923514	0.5076642421308003	0.31263141944463557
TCGA-44-3398	0.4943096070345955	0.8180739334307159	0.3540207329140926	0.1465044722705048
TCGA-44-3918	4.899552080022809	1.268791784952771	0.5461264919164522	0.0
TCGA-44-3919	0.043847748413660154	0.29587209403759673	0.1829708948131578	0.0
TCGA-44-4112	1.8725062290572614	1.4299307142557776	0.5793651655908012	0.0983195768825848
TCGA-44-5643	0.23087214370398948	0.3760017631562107	0.4900016639266818	0.19835749140172093
TCGA-44-5644	4.364410435475237	0.7301091578909118	1.0659455141740728	0.45325784467805413
TCGA-44-5645	0.01886049838208636	0.0	0.22947703917528936	0.09549961851267354
TCGA-44-6144	0.8040896470744284	0.2252230733389644	0.3929890084287186	0.3314993209521903
TCGA-44-6145	1.5903279456109443	0.06041461604998339	0.13567823373718746	0.387851967154462
TCGA-44-6146	0.018292385377681252	0.01826215041649194	0.3256259222090819	0.10940825861765467
TCGA-44-6147	0.5393267010382742	0.08778485696581229	0.192083783171107	0.1435153839503267
TCGA-44-6148	0.006012734843860883	0.0	0.04106818778214505	0.01343263584938972
TCGA-44-6774	1.5105147054464092	0.059712801126038446	0.1797604647997778	0.14970031532329192
TCGA-44-6775	0.11343159656316566	0.11547054252211254	0.2430564441799044	0.17024795486918784
TCGA-44-6776	0.8797528026946898	0.11284474779703468	0.293270297405422	0.18951929305884063
TCGA-44-6777	1.1087521356731525	1.197478242387007	0.5337703186033858	0.6856599689219119
TCGA-44-6778	1.5667976046707388	0.047041957004636745	0.5330984969221946	0.6939966837639767
TCGA-44-6779	0.24058336613607553	0.104296475302004	0.4661884745932509	0.21953257399771967
TCGA-44-7659	0.5571796097896575	0.12530309692062513	0.1975318566021884	0.24993191128476697
TCGA-44-7660	1.000342999335346	0.39074832931014264	0.7917037856682425	0.43511572461235143
TCGA-44-7661	0.9418831493217023	0.9086327133142945	0.299413047149749	0.0
TCGA-44-7662	2.23788418439499	0.965378806970952	0.5774696702757701	0.6168343438328623
TCGA-44-7667	1.8237204255632038	0.11857366476744446	0.7873140391358328	0.6894561388033925
TCGA-44-7669	1.7568235529952532	0.08173594505395157	0.7298698267619869	0.5990206667008405
TCGA-44-7670	4.7640120095373	2.263912688637746	0.6632690868133666	0.47248188802841873
TCGA-44-7671	0.7872829287396311	0.18611180822156154	0.45500458965394286	0.29821628172052866
TCGA-44-7672	0.6021447101843174	0.10237405818748192	0.1353982141626049	0.3463485725421176
TCGA-44-8117	3.62685942972957	0.5094207646104429	0.9350957523903037	0.1416485165988029
TCGA-44-8119	2.419638980534673	0.18344505616786594	1.2033018916182272	0.6833696521725177
TCGA-44-8120	2.84801464675149	0.29889254266353876	0.6169476011978992	0.4667452048621777
TCGA-44-A479	1.4475800726929364	0.25153045096163185	0.33969629612073277	0.14641746706695016
TCGA-44-A47A	0.36445920867310044	1.3259430190109276	0.5219092017921768	0.0
TCGA-44-A47B	0.053877303872295945	0.028721782873412687	0.3869106899508734	0.11840175539989448
TCGA-44-A47G	0.10986351221430424	0.2490122498004539	0.2514211431469691	0.14942182203681204
TCGA-44-A4SS	1.6513824506225	0.7907678685240253	0.6196446267315988	0.5728955634531376
TCGA-44-A4SU	0.44407379188099944	0.04208346130721668	0.5282302465432269	0.2644890006675397
TCGA-49-4486	0.14858098191404306	1.648346081262656	0.1530907903461493	0.0
TCGA-49-4487	1.2878413703682239	0.8293439795702071	0.23759862935353843	0.222733336563031
TCGA-49-4488	1.2633842572785428	0.29029355089045444	0.1880481990332428	0.5337162824918013
TCGA-49-4490	0.0	0.23818868707639979	0.3959413512152986	0.04326002129939444
TCGA-49-4494	0.7631270032841995	0.15933304623256037	0.3907242265405426	0.16227858201427794
TCGA-49-4501	0.0	0.15042996318784058	0.5286453411082256	0.1517398134585555
TCGA-49-4505	0.7821574646444448	0.19867362970085925	0.5995075386369058	0.3231440606425258
TCGA-49-4506	0.37005529397312914	0.014410593757752487	0.3377324843129829	0.23270774425329133
TCGA-49-4507	0.46542326563984887	0.5608762896597287	0.42463129553334766	0.4012109579852529
TCGA-49-4510	0.11619835914085978	0.06549081355524507	0.12327300608055668	0.048170755201381206
TCGA-49-4512	0.029634511581120813	0.07745346797369497	0.3499779093264256	0.06419933519595013
TCGA-49-4514	0.9241227045732593	1.541777098333397	0.47050509086486203	0.31971941024678285
TCGA-49-6742	0.13455639373321937	1.8247893283530259	0.45943407200507613	1.1674921005589476
TCGA-49-6743	2.042895482901055	2.6073099050089983	0.7746820243835758	1.5808380238823503
TCGA-49-6744	1.068252673692624	0.10587448628778404	0.16008092897912965	0.20737408261837062
TCGA-49-6745	0.0	1.0964734094534867	0.5271802115439272	0.2046653949975722
TCGA-49-6761	0.3011974217694957	1.003963344756905	0.3925650054590884	0.5268365171910827
TCGA-49-6767	2.0892475674128534	0.4437118524846942	0.5803053664064127	0.3337601493782892
TCGA-49-AAQV	0.03947664293148678	0.545673895361294	0.2215645776861206	0.0
TCGA-49-AAR0	0.3452348868793271	0.2088972337807314	0.33841745720942057	0.31898772298140715
TCGA-49-AAR2	1.990394738801359	0.22234510360542645	0.35890184341016623	0.029923810872834203
TCGA-49-AAR3	0.4159868224028157	0.17838449412688306	0.4132858244558419	0.12072347746557982
TCGA-49-AAR4	2.3241813674549836	1.4449754317272272	0.2009310401335787	0.5487797909603302
TCGA-49-AAR9	3.02528158919953	0.1850795759007754	0.5817696073614885	0.5075086412507447
TCGA-49-AARE	6.2662224189582645	1.1208782062371205	1.0883960140789564	1.2724751222355921
TCGA-49-AARN	1.0189183339910728	0.0	0.0	6.615858668094398
TCGA-49-AARO	3.346228386123083	0.484959435713678	0.0	0.0
TCGA-49-AARQ	3.27425199756585	1.2190715394620617	0.38725670027560194	0.47219837307325824
TCGA-49-AARR	0.0017604468588676024	0.0	0.029734929652923032	0.0
TCGA-4B-A93V	0.4807479133040885	0.09789090549328837	0.22762068025192253	0.25067275733324507
TCGA-50-5044	0.008492630075430118	1.5662427515575013	0.12396698090683808	0.0
TCGA-50-5045	1.603159982469631	0.2683221216218246	0.05152825034464819	0.0017029169014102087
TCGA-50-5049	3.784111050078484	0.424758159333024	0.28954352438106146	0.5516240828538285
TCGA-50-5051	0.4107096782066636	0.10385261632007486	0.35389597919793747	0.0
TCGA-50-5055	0.0	0.06252263315534554	0.13653535460004196	0.00480009129414203
TCGA-50-5066	0.9566550184027177	0.2192940039897176	0.19487187308939816	0.630971100091334
TCGA-50-5068	0.2331616688888425	0.10481711915749714	0.3836894916226228	0.08218664824544104
TCGA-50-5072	0.5714357762711992	0.21155918570506818	0.17611179096195437	0.4383914065488498
TCGA-50-5930	5.62681994321784	0.23350967971869854	0.617172379079333	0.49726841725372267
TCGA-50-5931	1.2194769826844947	0.3079634322354886	0.49700624697795526	0.19227733996061674
TCGA-50-5932	0.3714750791461853	0.025798443201181798	0.07490820447113755	0.04595020315548011
TCGA-50-5933	1.842332929513815	0.5220593606581967	0.8206185444199658	0.7113688282926361
TCGA-50-5935	0.0	0.7594997841451334	0.26430338716952595	0.2500682107584877
TCGA-50-5936	0.12042199582932053	0.7062474382387136	0.14755840447946458	0.28346658286780724
TCGA-50-5939	0.03508690606127083	0.23401112088931655	0.29253587103766154	0.3942789872039286
TCGA-50-5941	1.45742185575779	0.5122000041760578	0.46099995106268377	0.21344136728328594
TCGA-50-5942	0.1363282043660848	0.0	0.17784388981645646	0.11907193333128323
TCGA-50-5944	0.06933726512252938	0.1297810774746357	0.44074499206048984	0.07698186898448009
TCGA-50-5946	2.3217026249710417	2.057559513143492	0.8241947411225895	0.1831003640361346
TCGA-50-6590	3.253134655647407	2.6580167159206463	0.41842149187263145	0.4008579413220643
TCGA-50-6591	0.042206627388469004	0.06241940564137103	0.29482684254285024	0.15646084386840092
TCGA-50-6592	0.6722296106669201	0.7115105988876232	0.40764332537507386	0.6294776566122116
TCGA-50-6593	1.2290029658076937	0.08323021795905136	0.4540921719679452	0.5508954517267967
TCGA-50-6594	2.364272012638504	0.6743027524341261	0.3158936019461259	0.33113215309940464
TCGA-50-6595	0.09894157055740604	0.3544897185282431	0.2531518912460291	0.2756482657716558
TCGA-50-6597	0.0	0.2861064667477781	0.32991445377107326	0.22719306800906966
TCGA-50-6673	0.012177084081133813	0.07163254465488608	0.3673995065006845	0.06894380081462731
TCGA-50-7109	0.9873904950468023	0.12439171366019493	0.5549508875915007	0.12586874707911494
TCGA-50-8457	0.12966940520656123	0.0845834760499161	0.18176107100396383	0.07685451239852233
TCGA-50-8459	0.33241040835449914	0.039597929260588166	0.3156404769323724	0.12371426827483319
TCGA-50-8460	0.013499872834406354	0.045901561518599976	0.164857915868644	0.10787744911092678
TCGA-53-7624	3.03706354063583	2.025921464911221	0.7739551699466077	0.7977202802631369
TCGA-53-7626	1.6859020930623108	0.5914821890177288	0.1753036527904851	0.0
TCGA-53-7813	0.5883468339981466	0.0	0.3480116351697532	0.16216975815683654
TCGA-53-A4EZ	2.451772552115505	0.3806552078442901	0.6225688560244088	0.4158265147755794
TCGA-55-1592	1.4680041472486667	0.6716359318132522	0.9876237491334737	1.269752379793219
TCGA-55-1594	0.25814231827367745	0.9336311127812007	0.4136032160698161	0.244592621361753
TCGA-55-1595	1.391392565816758	0.14352650776464268	0.4169123105069241	0.358712836442227
TCGA-55-1596	0.5120039901497028	0.03478760331121384	0.500454824909365	0.43736212708291605
TCGA-55-5899	1.5390524927199754	1.400673727562284	0.3565079479524977	0.6043388571694714
TCGA-55-6543	0.0	0.035640299745048544	0.22648107380108756	0.0
TCGA-55-6642	0.5496124725926744	0.09081710283161876	0.18092879380495228	0.08538376907235405
TCGA-55-6712	0.12639496380465703	1.3061346635653184	0.3558429124770316	0.0
TCGA-55-6968	0.5389847547633144	5.439177634695922	0.025793391327733624	0.09440132355520274
TCGA-55-6969	1.5515417488304837	0.10411207486571858	0.24543045753623619	0.8722315468217464
TCGA-55-6970	0.6535464770779174	0.09087047408850428	0.2669147037461305	0.310888264871017
TCGA-55-6971	0.24080803484103216	0.03099608896595443	0.12622193270580956	0.2674491725340142
TCGA-55-6972	0.3898270167571561	1.566823939830154	0.10784609901631423	1.3429681467148518
TCGA-55-6975	0.16916962038501793	0.13504290485016204	0.29143250676988314	0.132346010036581
TCGA-55-6978	0.0	0.0	0.18794375818167883	0.05304470739167351
TCGA-55-6979	0.37753336804554216	0.6934090127303872	0.04490473083825768	0.0
TCGA-55-6980	0.000628063500431949	0.0	0.06782778636337633	0.02900876418238293
TCGA-55-6981	0.025332959621844266	0.0981822369989559	0.4012373165799521	0.014637846945417974
TCGA-55-6982	0.026442036108131253	2.7514583665765957	0.17726063610769102	0.03552758103721539
TCGA-55-6983	0.35223451377510895	0.06348197584222237	0.37063084353866477	0.1542947396462256
TCGA-55-6984	0.032937990984829496	0.01675620003668047	0.0645277649870903	0.05594313525589813
TCGA-55-6985	2.2060612122513694	0.1382709938043847	0.5538689034069758	0.2698358292554578
TCGA-55-6986	0.008500190435625492	0.026088228061954682	0.14907023802866579	0.03498337369052488
TCGA-55-6987	0.4860248954330519	1.1418496341582565	0.24914679221444166	0.02445504786736153
TCGA-55-7227	0.5738806750805517	0.0971663093771861	0.37223014898209683	0.32067741952886064
TCGA-55-7281	1.7114104309214488	0.46285506062192283	0.5117031565343427	0.652853466751636
TCGA-55-7283	0.49976106039993445	0.7991377413546286	0.8968406823405042	0.14509875645008188
TCGA-55-7284	0.0	0.01894935517845245	0.5275871443901075	0.02550738101033438
TCGA-55-7570	1.0947569482953543	1.3156150375989104	0.4107165353197926	0.03829200374035084
TCGA-55-7573	0.1175038927352038	0.08465039007604445	0.08383891803520042	0.18500574113340634
TCGA-55-7574	0.4555482357846181	1.8710475482717481	0.17370774140559778	0.0
TCGA-55-7576	1.4076726896641665	0.22416072020894345	0.8745213543600302	0.622057410968166
TCGA-55-7724	0.3394853540107834	0.4204633868597031	0.7158367221015933	0.4787289434672822
TCGA-55-7725	0.5051899624787718	0.0046751067732938726	0.21735147895506357	0.19373932380185313
TCGA-55-7726	0.023476521599727462	0.9704213654784274	0.4038911812426502	0.0
TCGA-55-7727	0.5417254651169386	1.2686387150032357	0.35852248857104807	0.6091230571947186
TCGA-55-7728	0.4023424315128363	0.046149909299338064	0.3693467784803083	0.0
TCGA-55-7815	0.5260187434967796	0.07824025347997965	0.36272277628444255	0.18591842458580288
TCGA-55-7816	0.0	0.0	0.03760213224584877	0.0
TCGA-55-7903	0.38211909121276877	0.3196212444379308	0.6228048559714986	0.15139636215652066
TCGA-55-7907	4.975337963704593	2.9927942868824866	0.7077971452266698	0.1782190558482149
TCGA-55-7910	1.284732151354747	0.16448785725845652	0.5378764269635222	0.03534170542586531
TCGA-55-7911	0.8097897764756318	0.2555629929919913	0.2881656511345319	0.2456379515073522
TCGA-55-7913	1.3103569810220086	0.5277289856714552	0.6579576216510953	0.26804791209174006
TCGA-55-7914	0.49877466042191976	0.3069164142136481	0.5738766347875234	0.0938422353426627
TCGA-55-7994	7.0432483116137865	1.0780589168744825	1.7177987433740771	0.8049260606185348
TCGA-55-7995	2.313041559600041	1.1861296119125124	0.4958329614280246	1.174316957822385
TCGA-55-8085	0.556131189408154	1.4745690850346997	0.4688355580560985	0.35313350819894535
TCGA-55-8087	0.0	0.09057925905853735	0.24898152917468366	0.06117345528278428
TCGA-55-8089	4.050521144366336	5.37614878618982	0.6635550891152447	0.9754377790313663
TCGA-55-8090	0.2739719112787726	0.029569479456062763	0.23074445013902842	0.12587483207149522
TCGA-55-8091	0.0	0.0007340350956945541	0.32761375486438243	0.03817298781380016
TCGA-55-8092	1.6710083614257671	1.6612168011059014	1.0676525994993222	1.572170972876697
TCGA-55-8094	1.9227055453575777	0.14988081564042946	0.5058192605897999	0.6163215742368171
TCGA-55-8096	0.49140179175188664	0.18267907765200864	0.2930264041253783	0.13616898426592303
TCGA-55-8097	0.24489661942407445	0.14497627131871815	0.6482393531439529	0.09207686322229938
TCGA-55-8203	1.8969298151951994	0.04065815250813312	0.7703232556716605	0.2479549277917466
TCGA-55-8204	0.3601365679044409	1.0514056820853335	0.3893799376816921	0.40114549264067223
TCGA-55-8205	1.4451238458197997	2.5731014248889674	0.4325571659563598	0.00896753738774646
TCGA-55-8206	0.015278600395191836	0.06619220128973528	0.19826164836828214	0.06226200101127642
TCGA-55-8207	1.243838681317927	0.19648409721920648	0.7073179213263094	0.16545734244765264
TCGA-55-8208	0.45792864777327014	2.427585757149803	0.3135639294887895	0.642034823027715
TCGA-55-8299	0.8888714049017732	0.08450899515794964	0.24330420009319717	0.46406132833420566
TCGA-55-8301	1.0708376042371386	0.3865793923050864	0.508964220120966	0.20991556354008986
TCGA-55-8302	3.2331844520991706	0.2977517566498866	0.6168666868615221	0.49432738601269366
TCGA-55-8505	0.0022320951066544937	0.16851350782044297	0.20844084547139974	0.0340772082214914
TCGA-55-8506	5.530003460969185	0.27728560375251526	10.003373542403937	0.0
TCGA-55-8507	4.615620564112976	0.3859770298566654	1.0998905209578125	0.7367438998733795
TCGA-55-8508	0.6350504216747406	0.13178141456292689	0.4446246321404288	0.35861941744624226
TCGA-55-8510	1.4819526411064932	0.45481822148082035	0.24223063981960272	0.044906778849487114
TCGA-55-8511	2.2675483392866274	0.9389523003606339	0.6507154333399402	0.9480494542807275
TCGA-55-8512	0.10907928302391208	0.044603771187208215	0.08455507287696437	0.10093963571951943
TCGA-55-8513	0.0	0.0050597073980613114	0.09732138884530167	0.0
TCGA-55-8514	1.2518788178049383	0.15340384010440736	0.5988415521828752	0.07241712045547238
TCGA-55-8614	0.4047456930044688	0.407022308434752	0.9382013642071206	0.36448479347977997
TCGA-55-8615	0.35570533530234955	0.0067903379705423405	0.31859535455089344	0.3270776938244322
TCGA-55-8616	2.4588906192578763	0.2483566919328433	0.7614633064800486	0.0
TCGA-55-8619	0.0	0.006044533506351453	0.2923743729477936	0.0
TCGA-55-8620	1.9950283776410531	0.2014603770756153	1.0856282424338919	0.40585830270347334
TCGA-55-8621	0.20878683709397217	0.10062434459883371	0.1919190879819128	0.07426431565812629
TCGA-55-A48X	1.8477077931479542	0.4089737192504951	0.25173535490828636	0.3022658533661369
TCGA-55-A48Y	0.0	4.463711432898237	0.2121957924289761	0.5130276134714918
TCGA-55-A48Z	0.06591166865977759	0.03854890991078482	0.3390251564107999	0.1708501939164876
TCGA-55-A490	6.4964977974276685	1.4885079356972652	0.6600036527402042	0.462319111034751
TCGA-55-A491	1.4807779352583352	0.3972875992914848	0.5512951126171257	0.31762886375939087
TCGA-55-A492	1.026418727207597	0.15244010153011456	0.5758381093830712	0.42371325984540587
TCGA-55-A493	0.7114250130670037	0.9201455986911659	0.3642298089020995	0.6787778089713727
TCGA-55-A494	0.8805588474229241	0.24531019289011713	0.8082432502831403	0.0
TCGA-55-A4DF	0.7099513643789839	7.6253355198276145	0.5784692862321565	0.357775934977444
TCGA-55-A4DG	3.314224277823721	0.38484197330063147	0.6944069694622209	0.0
TCGA-55-A57B	0.010134826619865272	0.09306285756920112	0.2797855706353896	0.0793441452591551
TCGA-62-8394	0.16205246570233459	0.6047556420334268	0.4081842966390415	0.07663088485620968
TCGA-62-8395	0.019473319858982725	0.23198039865024975	0.45125899044881107	0.035605063082548856
TCGA-62-8397	0.022463611844259965	0.0	0.1743584315658316	0.10043205444132994
TCGA-62-8398	0.19623601305733174	0.08978196198692177	0.30666130547607334	0.15809976660924382
TCGA-62-8399	1.315215081569622	3.0564792848913305	0.7904748734989039	0.0
TCGA-62-8402	0.0158601326949745	0.05982347335343866	0.412744642164119	0.1637340478391102
TCGA-62-A46O	3.377988524929587	1.9371186373829727	0.8977901108631484	0.7298675168507915
TCGA-62-A46P	1.289391329778126	0.09316802683432651	0.5827911563088589	0.0
TCGA-62-A46R	0.3877810505176406	0.27377849932214365	0.5378039962922689	0.4671190916020933
TCGA-62-A46S	0.35463686722101656	0.13915106721554277	0.48631831804385756	0.26673644223406473
TCGA-62-A46U	0.04134168863383701	0.08820178443150725	0.2939559970516431	0.06867293528572525
TCGA-62-A46V	0.020059738812253116	0.03936948410359054	0.38030830755657447	0.18359570266142053
TCGA-62-A46Y	0.029719275906086747	0.006839060284006864	0.22538901626360056	0.06643917198887686
TCGA-62-A470	0.25073288623868956	0.13160107266602986	0.586881742967225	0.12035409297706827
TCGA-62-A471	0.0	0.8703240388938477	0.32529177743090637	0.26655422384398736
TCGA-62-A472	0.09627328132203798	0.027832456894494734	0.18211089828685864	0.18917131875495
TCGA-64-1676	2.8587276447927157	0.18214393692586492	0.5951784228451573	0.41950879308304556
TCGA-64-1679	2.251156053477652	0.6292478833083911	0.22146952482338395	0.3740504931770385
TCGA-64-1680	0.025842905972969107	0.3575584700214857	0.28667262590639503	0.030371311022949564
TCGA-64-1681	0.024895293702838397	0.3098698114610794	0.16930774844205781	0.35310533185930704
TCGA-64-5774	0.6243116795675523	0.09328903671106499	0.4182218184886279	0.0
TCGA-64-5775	2.2464799528162125	0.2952945320212646	0.64699110504774	0.1393968116849924
TCGA-64-5778	2.05276662778693	0.3907502654646197	0.47240321665172197	0.6004492819344298
TCGA-64-5779	1.645002344487914	0.2021654511630651	0.6920013755670836	0.0
TCGA-64-5781	4.612641846352277	1.6529696693288598	0.5124078452830703	1.835763834791138
TCGA-64-5815	0.7265547238222758	0.06253784923294163	0.3687225508646741	0.13459232208153593
TCGA-67-3770	0.884534058736067	0.03178173626366132	0.3743680010634372	0.3134064107709476
TCGA-67-3771	2.797274305089019	4.366245900448547	1.0975027911571158	1.0540187599571336
TCGA-67-3773	0.3531333662436821	0.006738149105838824	0.2557394619417341	0.20648037801203428
TCGA-67-3774	0.3605712430175653	0.04809096974400016	0.17267034464669065	0.3826478345028497
TCGA-67-4679	1.1675702848404246	0.1070879221081585	0.33004675782275467	0.41628142354666636
TCGA-67-6215	0.0	0.0	0.08711430270935255	1.05213125662507
TCGA-67-6216	0.009936160410969406	0.19654602515274824	0.17846705177967845	0.020154882354617275
TCGA-67-6217	0.702457818718355	0.12083270732255184	0.4376589868352306	0.2740570643310505
TCGA-69-7760	0.05344953014981385	0.05445706099765519	0.4414253734460607	0.2292635975399109
TCGA-69-7761	0.04417819383645829	0.0	0.09493408414141048	0.1055658411377273
TCGA-69-7763	0.15404049784820403	0.0069140840276466645	0.5863672357982969	0.12866569454812835
TCGA-69-7764	0.19842390130148924	0.06359107732819236	0.37634401220251185	0.19923893995393174
TCGA-69-7765	2.657148979754544	0.807476962665019	0.23058467977046992	0.8340417090510848
TCGA-69-7973	1.2015562297216658	0.16527525945615304	0.4161779953753508	0.0872951834510866
TCGA-69-7974	2.2067615877040296	0.4762946062598647	0.7522562108276308	0.223697374207651
TCGA-69-7978	2.0474560393354992	2.711138748956859	0.47705994755635645	0.0
TCGA-69-7979	7.570689648007718	1.3409659288369709	1.0061377014550905	0.0
TCGA-69-7980	2.888537209772951	2.6096266519506544	0.6685893654172236	0.0
TCGA-69-8253	0.551292634847605	0.3355857200749556	0.2275390871010111	0.32933734011365573
TCGA-69-8254	0.14773170815131864	0.0	0.3462811773879515	0.21882538036246785
TCGA-69-8255	0.7317854480216499	0.4243382179729698	0.5952497350972702	0.8283005998464373
TCGA-69-A59K	2.443648860607598	0.6446414170818494	0.8022538178574393	0.08739303207684361
TCGA-71-6725	0.0	0.0776270619806455	0.6060204112138663	0.11001236014977708
TCGA-71-8520	0.07703143022881224	0.2698935872774874	0.5892610995709089	0.0
TCGA-73-4658	0.7599004390829529	1.884753215941054	0.5266618372760036	0.7633282360018075
TCGA-73-4659	0.8618901331420357	0.1383625317783598	0.3022013594553801	0.21959374315527352
TCGA-73-4662	0.8289504436309422	0.21190344559452162	0.3395625635062243	0.20733425281508094
TCGA-73-4666	1.5295954263259008	0.24923615687385242	0.5277342046682002	0.4559511908875635
TCGA-73-4668	2.2746330975630533	0.12867948774824184	0.6267800205389104	0.4294037543525227
TCGA-73-4670	1.2505920222676656	0.2190894932668481	0.5529473777220429	0.807136069545975
TCGA-73-4675	0.09884531566576765	0.051794326189992856	0.30573004977900375	0.13293287272028434
TCGA-73-4676	0.1527980591061644	0.0	0.3923497426896735	0.3064507395171059
TCGA-73-4677	0.9984453736037683	0.17491393200035876	0.4077325766854878	0.3134472737352923
TCGA-73-7498	0.39992134662421713	0.0017543363194288117	0.34151949469644405	0.16446085219384265
TCGA-73-7499	0.040429818805198754	0.26609532325419916	0.3358173360407738	0.0
TCGA-73-A9RS	4.723057028691341	0.9771364793002627	0.35041597320296825	0.2784943536494156
TCGA-75-5122	0.2648340428604507	0.40989426969844045	0.5272015598493331	0.10751175175931225
TCGA-75-5125	0.3666325332802254	0.6106615183843581	0.4178787248200571	0.12286631791678075
TCGA-75-5126	2.1231017249784716	2.5074491036625473	0.35737067714400195	0.38732083734354095
TCGA-75-5146	0.9035970914427957	0.0971914755906194	0.09722136632952484	0.27890179454088343
TCGA-75-5147	0.0	0.14789491834876903	0.24789345287473144	0.04215858283587429
TCGA-75-6203	0.0	0.002178205204184498	0.18801190054900577	0.0
TCGA-75-6205	0.02618344975203554	0.08352038429936164	0.1503103346675845	0.20384367938585832
TCGA-75-6206	0.24925839425183877	0.2262839682358378	0.1427949375274909	0.05834815477486195
TCGA-75-6207	0.06465087528089708	0.21093173115939662	0.32448613543815025	0.08336253620114686
TCGA-75-6211	1.5241192463886908	0.272718626269153	0.5275891654954434	0.24339442672791112
TCGA-75-6212	0.0	0.03017877932046877	0.13897896534177315	0.048527895596073185
TCGA-75-6214	2.420687983917697	2.591335110756637	0.7168791079169431	0.43302629096019857
TCGA-75-7025	0.0	0.0726047041855362	0.30283814236271744	0.1063425747610848
TCGA-75-7027	0.9729426144600671	0.05678844272312768	0.289393423062379	0.3713660741505574
TCGA-75-7030	0.0157088825573803	0.0	0.13243273092763586	0.0008938681855147408
TCGA-75-7031	0.5993891755454691	0.30579620313900635	0.5153304997817444	0.2696563135520101
TCGA-78-7145	0.7661893642621359	0.27683432074596365	0.3128791892673415	0.049336213436389525
TCGA-78-7146	1.0225843210342094	1.455275455776076	0.5441770180052012	0.3584937752220989
TCGA-78-7147	0.9153386572183551	0.543569330265718	0.6682686999017302	0.804255004074629
TCGA-78-7148	0.7491186885280228	0.07788253196185592	0.49003564314737896	0.38829914049135217
TCGA-78-7149	0.16878201440593102	1.185922957371383	0.269858389645487	0.17410504771290725
TCGA-78-7150	0.7226546793292099	1.9439876167424306	0.6022719326125424	0.8572096012433369
TCGA-78-7152	0.40964150743398625	1.277994252478876	0.2616294579508575	0.152727697506995
TCGA-78-7153	0.171652060112729	0.3711630675643453	0.5633966435859308	0.09029436912063422
TCGA-78-7154	0.21501728187053082	1.5384595536478483	0.9343214553933478	0.4124345680985807
TCGA-78-7155	6.29978447806564	1.472711671188334	1.032481039823033	1.6234939767802568
TCGA-78-7156	0.6633730790031591	1.998525623826818	0.43745984474078886	0.6766771784144104
TCGA-78-7158	0.7612047219717697	0.5514090402455796	0.29934293851584276	0.3823524149600253
TCGA-78-7159	1.287830954205389	0.11971899804010167	0.5262666404531254	0.2845929852411409
TCGA-78-7160	0.050163443436924485	0.05666361030329243	0.13340947399475375	0.0984705432612691
TCGA-78-7161	0.6709276536570522	0.15080463967417532	0.46231689974816825	0.2175614439855182
TCGA-78-7162	0.1729786921594015	0.22115247102090338	0.16608158507027107	0.1849198463426342
TCGA-78-7163	0.01950439622402463	0.02436397291064801	0.14539108981647014	0.016100632070585593
TCGA-78-7166	1.0301703002466378	0.06810621282153988	0.24669149300734017	0.3215923904595438
TCGA-78-7167	0.27311841941680004	0.5399157855771282	0.4351850444123752	0.042324602428361786
TCGA-78-7220	3.120407650991585	1.3228382675677615	0.6849153960361563	1.6216657834789894
TCGA-78-7535	0.5263878660794425	0.0	0.30349481660935945	0.5450713006353991
TCGA-78-7536	2.5508128837388155	0.01266912627389468	0.6645600504164206	0.9575878300423845
TCGA-78-7537	0.40515087781258957	0.1376155454873915	0.1631482438563676	0.44607089009897116
TCGA-78-7539	0.6248775183295386	4.051026307872811	0.6833554958978505	0.0
TCGA-78-7540	0.0	0.0471386183305533	0.3350274885173885	0.024189548024003332
TCGA-78-7542	1.6943308893448001	0.42841175837575546	0.47095152821210906	0.5797419089565221
TCGA-78-7633	0.44368173943930167	0.13586693303216157	0.20902566303087167	0.018939294496898636
TCGA-78-8640	2.2600820512620126	1.633508611499807	1.064805589522117	0.8546731344751389
TCGA-78-8648	0.04496597626640687	0.0	0.06107335028748103	0.009619406086916828
TCGA-78-8655	0.3416121417268661	0.09094600133046991	0.3679571698663874	0.10889059742219717
TCGA-78-8660	0.6533760283360893	0.5175089558575408	0.36151036513047874	0.4924349152405433
TCGA-78-8662	4.711876811925427	0.9529110523545735	1.074198090093274	1.6021719594499004
TCGA-80-5607	0.0	1.4459278789737808	0.03710114513394829	0.2760153043349181
TCGA-80-5608	0.6377249814756818	0.15227364573610525	0.2898987121436525	0.02882095806344538
TCGA-80-5611	0.4170106584620454	0.06659589259819194	0.4839078515708019	0.5981307455397233
TCGA-83-5908	0.642705656913627	1.2495663417502063	0.23951413357223164	0.0
TCGA-86-6562	0.04921172077335509	0.30748803199059926	0.24545239624389498	0.0
TCGA-86-6851	3.754660327697329	1.7463822210318296	0.5093979855524192	0.0
TCGA-86-7701	0.7142481350968204	0.03683505839144406	0.439851409118638	0.2630472164506222
TCGA-86-7711	0.5118631127422555	0.639978761085294	0.4513437107336707	0.33063850318314647
TCGA-86-7713	0.5815940956360118	0.10399259122546961	0.25935276213856684	0.2096122959476904
TCGA-86-7714	0.1755349108503248	0.0	0.22136300679002527	0.23458820680091375
TCGA-86-7953	0.08261807347085798	0.07806067230454715	0.1770159905204503	0.1258203181397978
TCGA-86-7954	0.5836627097571193	0.6042354039913449	0.6934183765838624	0.3302174524459757
TCGA-86-7955	0.9372900930191954	0.2854512291230994	0.4402948703696203	0.7529475809271758
TCGA-86-8054	0.7936337206227572	0.13585989521903258	0.36567920473423376	0.4428309313049577
TCGA-86-8055	0.024032941626276817	0.04657324261260169	0.32696403097310683	0.09275541771334458
TCGA-86-8056	0.2921358950211006	2.0509490775436547	0.2868945545635772	0.5639985806608
TCGA-86-8073	7.429722553387919	1.2946564517800425	0.6892120354122324	0.7906612797975152
TCGA-86-8074	0.08117126193778447	0.03582727434012512	0.21505766075603225	0.28095574544829655
TCGA-86-8075	0.008663971728345102	0.08268290864192589	0.38991817813578245	0.027495692459727248
TCGA-86-8076	0.08226229498773555	0.30404000015033095	0.32681009639614245	0.0016677063076078074
TCGA-86-8278	0.0	1.3610107464088972	0.21358374017433432	0.09963621084690776
TCGA-86-8279	2.4037836310812577	0.18718787889867514	0.6470447439677749	0.3608016010602977
TCGA-86-8280	0.04793787435620583	0.03173315961109995	0.2471357560775678	0.14169814595470256
TCGA-86-8281	0.9957559094694302	0.5372895527134676	0.6321769659301602	0.008975265352410005
TCGA-86-8358	4.758231170695966	0.3585370234478549	1.3750317756873531	1.080704611221634
TCGA-86-8359	0.6066287373999684	0.107513882763467	0.27279206449731935	0.28352706191806987
TCGA-86-8585	2.039137740544491	1.6074156898912628	0.5410278019023078	0.07998021882858634
TCGA-86-8668	0.0	0.029422232107876138	0.29042547360399557	0.08398858525791195
TCGA-86-8669	0.33785784358966015	0.1422499156379663	0.4384569040956103	0.17613640473633083
TCGA-86-8671	0.01411634290318274	0.14247487048303623	0.1663184039827906	0.06581085324174639
TCGA-86-8672	1.0665177937428958	0.5730690587079033	0.48832107926682117	0.376960735098847
TCGA-86-8673	1.7771666183931873	0.4592620872748184	0.46412392241674827	0.8552508110626099
TCGA-86-8674	1.3881706730115375	0.4722960043363978	0.20420843804442285	0.400316883727805
TCGA-86-A456	1.5486293457417466	0.38504865405306377	0.3954077174575819	0.5445070319425948
TCGA-86-A4JF	1.21800408657365	1.6252659557163787	9.629700932461027	1.734839422507614
TCGA-86-A4P7	0.03990218778477384	0.38037709824638155	0.2899986469006701	0.020342997614062667
TCGA-86-A4P8	0.0019348214141323727	0.0	0.0006832923029425784	0.011698532890847803
TCGA-91-6828	1.1005647102871965	0.37234318053239257	0.38348459596744894	0.1395684083240485
TCGA-91-6829	2.333114476990224	0.6078483653337595	0.7680401642720449	0.938881754520201
TCGA-91-6830	0.042657798125469874	2.949190466752157	0.11670360144871145	0.07316775125791036
TCGA-91-6831	0.9050065638311132	0.1631744925185101	0.6077784551893959	0.3074736009680189
TCGA-91-6835	0.16489665434480535	0.2214424863704547	0.24328714975939533	0.14931473746604926
TCGA-91-6836	1.9473053948738224	0.30404485637105805	0.6948754760879395	0.45933210503743094
TCGA-91-6840	0.029990868796480743	1.039133672280274	0.2969333271660509	0.0
TCGA-91-6847	0.028280907207255464	0.21026416378962584	0.5306163066402282	0.0707919416495491
TCGA-91-6848	1.9960371501188376	1.3067632873709853	0.6236580804394506	0.4761708034042885
TCGA-91-6849	0.39417487877504154	0.07796581614034855	0.13339495277891125	0.23737723438594274
TCGA-91-7771	0.527737095110211	0.24931022075045384	0.32003105724468195	0.5683800429096193
TCGA-91-8496	0.009714628745481471	0.07034217131430426	0.2956545190260546	0.0
TCGA-91-8497	0.06482991623634063	0.06140711626549742	0.22976584191422933	0.08656054796981197
TCGA-91-8499	0.766056101955475	1.3210551720904762	0.557640164765394	0.30972324232663606
TCGA-91-A4BC	2.0532107331236125	0.28982938219599497	0.6951429646824046	0.30835251534907615
TCGA-91-A4BD	0.0	0.01249888748816739	0.204433522007974	0.09489832358927092
TCGA-93-7347	0.46032490880660226	0.13970837358737678	0.21443187431455124	0.10454433957086193
TCGA-93-7348	0.20469459807566934	0.16382088988001228	0.41094588893814543	0.28028520354329983
TCGA-93-8067	0.1593658879706108	6.209845754414685	0.23895462919353824	0.42323991043743037
TCGA-93-A4JN	0.07922047651438845	0.1625675326469181	0.3844986074866991	0.2123230580643817
TCGA-93-A4JO	0.04090620513046075	0.17443293292280193	0.2118800661859981	0.03889504843701897
TCGA-93-A4JP	0.037820271651670935	0.27981696625745556	0.21687791158193603	0.2883759621037752
TCGA-93-A4JQ	0.05812140878448832	0.731105097572586	0.22284437061206566	0.03910206013344609
TCGA-95-7039	5.472778317509629	0.702685924031572	1.1385262893760328	1.4387899338104233
TCGA-95-7043	5.279999587784441	0.9119372915322376	1.0929091538969649	0.16195757535225896
TCGA-95-7562	1.9298141992825837	0.1284431348787488	0.4053369822008825	0.0
TCGA-95-7567	1.5777893199777209	0.0	5.671829117353972	1.4040043448328152
TCGA-95-7944	0.050071712710387274	2.9712873870323135	0.029218141441727748	0.10785977659568811
TCGA-95-7947	0.9536216738945162	2.7148825743344673	0.5723625341477653	1.1232723466439742
TCGA-95-7948	0.0	1.9721722535812591	0.16419341761255618	0.0
TCGA-95-8039	0.13363761507989558	0.24976001985928212	0.4177250162288723	0.16915667489192646
TCGA-95-8494	0.0	0.8176254874910936	0.4581888043635077	0.2876121328298872
TCGA-95-A4VK	1.074230227306179	0.10754066878705384	0.5204718158660314	0.2071646123423037
TCGA-95-A4VN	2.155120509121811	0.527628055545644	0.27652313950483504	0.3379329736228336
TCGA-95-A4VP	0.48618801391752353	0.01575066467542125	0.30908044398270124	0.15641635268716517
TCGA-97-7546	1.301967324149661	0.1814369826636785	0.37614960435804934	0.12527652283765633
TCGA-97-7547	0.520996934738579	0.8119358805582535	0.31120044650977813	0.0
TCGA-97-7552	0.00116082188768559	0.0	0.3411669585286725	0.07881517985065202
TCGA-97-7553	0.10158157623836665	0.04848639057280744	0.27723944601824324	0.00584747596919191
TCGA-97-7554	1.9113757523098762	0.1692803320163658	0.6232020020953244	0.6460082053859336
TCGA-97-7937	2.0805259164853327	0.43823744104479284	0.8293909557026282	0.002336077551222053
TCGA-97-7938	1.7343619901898863	0.7132303812811197	0.5344859923817114	0.0
TCGA-97-7941	0.29993004064349543	0.21321585616270478	0.3077881608523771	0.15087607047004634
TCGA-97-8171	0.04949981295925303	0.02974906050105529	0.4646814615086002	0.03951672457560677
TCGA-97-8172	1.0017987998364386	0.0038474938819473992	0.7226006559461162	0.3621364673716675
TCGA-97-8174	0.5152138133609	0.36347908817160746	0.540427521111048	0.0
TCGA-97-8175	0.045248786185718586	0.020236400160890265	0.10336857083158535	0.15748580441625273
TCGA-97-8176	0.3007962275486551	0.6984830145360593	0.3954469192356372	0.25531297030037803
TCGA-97-8177	0.0	0.04563343176853446	0.1966500312492566	0.22731001542656176
TCGA-97-8179	0.7276832317688751	0.15497322807940106	0.11682101131488457	0.1383461767354638
TCGA-97-8547	0.001620493534884869	0.21719830447454674	0.41376854149696696	0.16715947910772253
TCGA-97-8552	0.022020216463238342	0.012690627830103884	0.1494638797939968	0.05526474935102744
TCGA-97-A4LX	0.7215873706410425	0.04336901223133594	0.10552444325908164	0.26048032497711915
TCGA-97-A4M0	1.4737129509933464	0.8556863756932845	0.35686564542093235	0.4710665061616262
TCGA-97-A4M1	0.03345037767075242	0.1566564470402961	0.27673456173505223	0.025816685751783072
TCGA-97-A4M2	0.03922886130565102	0.12042894598952832	0.08160355833751189	0.0028191927019310774
TCGA-97-A4M3	0.8363805931269941	0.37464253185156804	0.2792052953313563	0.0800173043474144
TCGA-97-A4M5	0.0	1.6325409366438808	0.05827533980295652	0.454116889037428
TCGA-97-A4M6	0.0	0.04315832214933472	0.1785504083493705	0.1623738913792562
TCGA-97-A4M7	1.4816722920476029	0.15200090099519353	0.3158966018303208	0.16807486051530113
TCGA-99-7458	2.036149934490711	0.1721548356448657	0.5421413134112165	0.5135675815338561
TCGA-99-8025	1.2511525082099144	1.939456976756471	0.9972719203244694	0.4072081803489359
TCGA-99-8028	2.1637322236318237	0.08926884403034832	0.34624004028825356	0.21270851482202147
TCGA-99-8032	1.6481873563098446	0.42556696815710837	0.6624562364116117	0.12639277329279175
TCGA-99-8033	0.6326490446316205	0.15922545795424004	0.39620661035018573	0.21631521056251063
TCGA-99-AA5R	0.2636030859725082	0.0	0.011900009069997145	0.08983974790498277
TCGA-J2-8192	0.05418827524780339	0.11804095151787167	0.4325277528967817	0.1458155975787043
TCGA-J2-8194	0.41432751731171574	0.09191163225741024	0.5411069106856531	0.2650709376464894
TCGA-J2-A4AD	0.5640444095560776	2.0282868024180454	0.4510356351737578	0.0
TCGA-J2-A4AE	0.017149492137958283	0.1900928871705541	0.3009249148689012	0.03343615601166902
TCGA-J2-A4AG	0.27184044159371845	0.10336832122910515	0.39568712274913226	0.016901371783602074
TCGA-L4-A4E5	1.577779650267191	0.08359194524922149	0.2763974449661527	0.44135597825958706
TCGA-L4-A4E6	0.05469977939915605	0.06516955231187911	0.00684140410447878	0.0
TCGA-L9-A443	0.9936374072106721	0.13506360600572168	0.2101466441852296	0.4029497642381266
TCGA-L9-A444	2.8363105853405837	0.2238057726451749	0.38123476958389013	0.47119557726541855
TCGA-L9-A50W	0.016523780918157045	0.061473605962289346	0.06988902110443822	0.16456641215395043
TCGA-L9-A5IP	1.22682313258813	0.19924679218931826	0.27479344944899825	0.3437249152220184
TCGA-L9-A743	0.3160170687718341	0.8136855011847156	0.15531266906243676	0.0
TCGA-L9-A7SV	9.061373534825993	0.6665139662160843	0.6755972313581873	0.0
TCGA-L9-A8F4	3.28776063745329	0.8291196705075573	0.5224842838186233	0.7157577428949181
TCGA-MN-A4N1	1.9339678768777095	0.4418492697771023	0.8371819792684553	0.2372999718057257
TCGA-MN-A4N4	5.992320196914223	5.113523081498548	0.6461203855843493	0.7196375153644767
TCGA-MN-A4N5	1.8402895343141503	0.4848603295098485	0.4595566150091293	0.6216770043990244
TCGA-MP-A4SV	0.7873675044379973	1.7485833084236684	0.42102832865590617	0.33254115959519004
TCGA-MP-A4SW	0.03011968809099773	0.1609095657641786	0.5649504741361552	0.0831785056835606
TCGA-MP-A4SY	0.42002711686953903	0.37890959433621385	0.4416641638095156	0.13285800979237714
TCGA-MP-A4T4	1.7158415449349278	0.37639545892247334	0.47224362257805064	0.38311490942589943
TCGA-MP-A4T6	0.016132616338739154	0.30551099189783626	0.3975116194165141	0.1344859511959873
TCGA-MP-A4T7	0.5749620641402684	0.03857749316749309	0.23374004811189056	0.12223470223852918
TCGA-MP-A4T8	0.4011202438660737	0.07287355024233581	0.30486781549110376	0.27382202389134136
TCGA-MP-A4T9	0.075853594342455	0.12906244042269457	0.07063959175508944	0.08980322145878933
TCGA-MP-A4TA	1.2214267808720467	0.3398235865588229	0.6582342746297531	0.43620824587073076
TCGA-MP-A4TC	1.1475752194622586	0.29544377262588317	0.31672973585218406	0.310839402760992
TCGA-MP-A4TD	0.25096959897772136	0.049897339152608244	0.29560896257400676	0.04452438165932241
TCGA-MP-A4TE	0.3954144016893156	0.05520695017588786	0.7426909471691652	0.007824340055073644
TCGA-MP-A4TF	1.9218435805666008	0.27405881350476247	0.43608491156647944	0.47280048965601396
TCGA-MP-A4TH	0.2531860987660022	0.0	0.39516261995927454	0.2756534651814688
TCGA-MP-A4TI	0.24707586511597887	1.9101060692556777	0.17951579685516525	1.0201468758952006
TCGA-MP-A4TJ	0.23873424440446556	0.00034144769931605253	0.31322351175305385	0.16299890554698965
TCGA-MP-A4TK	1.4185047191644482	0.7346065027930084	0.17562152830392033	0.5022172342693373
TCGA-MP-A5C7	0.16068880857857998	0.018054861218008082	0.3972160602124684	0.17797470106864866
TCGA-NJ-A4YF	3.1734436878620595	0.3544909726636835	0.3744534944335317	0.23996031722136998
TCGA-NJ-A4YG	0.3281023469842314	0.5469724862033158	0.5026313880385163	0.20730366138876383
TCGA-NJ-A4YI	1.9939448876837083	0.3205763110747875	0.6836280222380341	0.31721514659481564
TCGA-NJ-A4YP	0.4828376843334674	5.0286711301548355	0.0	1.842078607035852
TCGA-NJ-A4YQ	5.414801079642329	0.1520322572087453	0.7886655846831356	0.9591036426850558
TCGA-NJ-A55A	0.4764372530765703	0.08735206109751115	0.17993568849411926	0.10091605679051731
TCGA-NJ-A55O	0.6430850454536401	0.11406939054763549	0.13919705579100913	0.0843117265171225
TCGA-NJ-A55R	1.074740422692115	0.14148269644701114	0.2876637606291668	0.34688474883337767
TCGA-NJ-A7XG	0.05443892562418498	0.0014937511911232429	0.29180369180266624	0.0
TCGA-O1-A52J	0.6896446334363664	0.14635304173870764	0.33715052920521377	0.10995404307758394
TCGA-S2-AA1A	0.5392986258846548	0.03437783498353765	0.16448214714661022	0.11332629463627071
