MutationType,0,1,2,3,4
A[C>A]A,0.22205277034600404,0.0,0.01876217610001607,0.02559918745130429,0.05403081114801227
A[C>A]C,0.258368088801875,0.0,0.06014274496932508,1.3522463629474408e-08,3.761771719073397e-05
A[C>A]G,0.17136751680361312,0.0,0.0,0.0,7.90294272567966e-12
A[C>A]T,0.1586831167822718,0.0,0.0,0.00019229791888044487,0.000858637863098767
A[C>G]A,0.06877588734268923,0.0,0.0,0.03457406666183232,6.097273466444686e-08
A[C>G]C,0.047758052923712505,0.0,0.0003448166289924724,0.014210361724175393,0.05592490486245422
A[C>G]G,0.02928320196177011,0.0,0.014756272061365927,4.358385353936462e-14,0.02597538758366614
A[C>G]T,0.04318510332217673,0.0,0.0,0.007129045865461225,0.06293317405528354
A[C>T]A,0.08765499967207678,0.025928764586985453,0.032704731615193446,0.14167305906083438,0.0
A[C>T]C,0.0737676896455054,0.011147077355315527,0.025192663497445887,0.16033384939047318,0.0
A[C>T]G,0.0919618299971525,0.09453150589479438,0.479255613865886,0.341482341202005,0.0
A[C>T]T,0.05173211005836188,0.02198559598895575,0.03691228585304352,0.030562244058824583,0.038693137635380216
A[T>A]A,0.03468657037157003,0.0,0.005675705142566913,0.031038490811131098,0.008149764914489419
A[T>A]C,0.029684901977305465,0.010940202564769321,0.06886464610050938,0.02316455966455186,0.0
A[T>A]G,0.0770646160146425,0.0,0.0,0.008078719432290753,0.043985821289791394
A[T>A]T,0.02879310935530021,0.0,1.4912396883038128e-07,0.016273905798361802,0.008204141740702407
A[T>C]A,0.07092335572057466,0.012753134406577629,0.0582435479352119,1.8096366790268427e-05,0.05740455331259308
A[T>C]C,0.02748153088915511,0.009038255491639259,0.011155950465050045,0.04460654533130236,0.029048183128374188
A[T>C]G,0.09386871482938139,0.0,1.8180203155655268e-09,0.11802906927953183,0.0
A[T>C]T,0.04031259315042781,0.018038092401595165,0.04033831845895817,0.08030966191408347,0.029214491428494648
A[T>G]A,0.008446817820922874,0.00261743346897399,3.659606950791455e-12,0.019403933014474573,0.006600434302307775
A[T>G]C,0.004805292251950333,0.0011857054965702777,0.014594331906158706,2.8490636840838686e-07,0.03692207392048917
A[T>G]G,0.01584421889670317,1.8335436548991595e-08,0.016240301126028915,0.015062964917443968,0.0
A[T>G]T,0.007311945266609124,0.007198706418281792,0.03729079160715846,0.0063997050582676185,0.0
C[C>A]A,0.5611152494126881,0.0,0.0,0.0,0.0
C[C>A]C,0.5130733102187394,0.0,0.0,0.0,0.0
C[C>A]G,0.399852817252385,0.0,0.0,0.0,0.0
C[C>A]T,0.4505139859151386,0.0,0.0,0.0,0.0
C[C>G]A,0.0821295102410175,0.0,0.0,0.041172825115201525,0.006257243262827444
C[C>G]C,0.07264275252065007,0.0,0.04734786835600341,9.627502034561846e-05,3.243039261775946e-05
C[C>G]G,0.06381058991364952,0.0,0.0,0.018227474028536198,2.614917957136485e-09
C[C>G]T,0.08602098622678181,0.0,0.0,0.0359272204388327,0.031869639849267495
C[C>T]A,0.21521248584942668,0.0,4.138536483636401e-05,0.18994771454669193,0.0962408773795224
C[C>T]C,0.16343490357891277,0.0,4.399509877101137e-05,0.09494796122455311,0.08167902437248603
C[C>T]G,0.13424284805002556,0.11488265078372832,0.7221812351231798,0.0,0.0002662810742156935
C[C>T]T,0.14428792179949781,0.0,1.0138450062866807e-05,0.04753721819675385,0.4538977015035871
C[T>A]A,0.05376153306766966,0.0,0.0,1.097666032033767e-05,0.01681334955810766
C[T>A]C,0.05316039821339304,0.0,9.227227084418322e-11,0.004585476495579345,0.23869686566645074
C[T>A]G,0.24039229621608613,0.0,0.021462573494804273,0.0,0.0031909488954462296
C[T>A]T,0.06885992019675925,0.0,0.027846008447284562,0.00018822274182797862,0.03651168818906729
C[T>C]A,0.04130049150192238,0.0,0.015355801935593869,0.030506338411114862,0.018367968759657568
C[T>C]C,0.033893228712901145,0.013262497129936398,0.03725402247268336,0.0035708674606764273,0.046769786818741756
C[T>C]G,0.09680335810618929,0.0,0.042762445854658014,0.00016342140976843643,0.07892014791607162
C[T>C]T,0.042254136586563275,0.0064562863378537175,0.03594300972662201,0.0510124121039484,0.05437943143480709
C[T>G]A,0.005929213607737151,0.0032946018734274925,0.025974523783153992,0.0,1.1740936137553148e-05
C[T>G]C,0.007110069027639663,0.005372660782723716,0.0056475979923381525,0.028006783679572305,0.04538540619767169
C[T>G]G,0.04251958162906463,0.010728154826623714,0.047478264440241516,0.012420648926041472,0.02463634394103865
C[T>G]T,0.013980913430798004,0.02024527032272889,0.016205546534978778,0.019338428581722397,0.14044316507115376
G[C>A]A,0.2430704049260862,0.0,8.40702382269921e-11,0.1325745765824141,1.879244501135527e-07
G[C>A]C,0.29755637745255364,0.0,0.0021981277026312334,0.022197876700981244,0.07145604964602228
G[C>A]G,0.22777193651856917,0.0,0.0,2.9636108592388648e-09,2.3604770221020234e-06
G[C>A]T,0.18109831711383195,0.0,0.021261957948975216,0.020866894649091132,0.03912930094340243
G[C>G]A,0.05794981655788106,0.0,0.0,0.029344090139016336,0.002589533022188047
G[C>G]C,0.061365247785437484,0.0,0.02382221298448121,0.0008314156916253974,0.050334354679186795
G[C>G]G,0.04930279331584402,0.0,0.0016940017706444097,0.02877388276542139,0.0
G[C>G]T,0.0459661470044788,0.0,1.82262273593709e-06,0.03185343788110279,0.04480436555381718
G[C>T]A,0.08287736657390694,0.04743030778002888,0.11256068071410232,0.04575540388472345,0.08703985788438479
G[C>T]C,0.09600388335244296,0.03245335152266866,0.0963041001706445,0.20533272942883538,0.0
G[C>T]G,0.10490247552257395,0.1177124916056546,0.23354971909163358,0.6179270252526938,0.0
G[C>T]T,0.07070588470363874,0.022587247312261166,0.07053748854245583,0.07361450925938079,0.13102802950318554
G[T>A]A,0.05180887221064826,0.0,0.0,0.00035494793155382024,0.020751904279896517
G[T>A]C,0.04461852632973561,0.0,0.017989214903726423,0.012848448508576223,6.684991277380681e-08
G[T>A]G,0.08765336617330323,0.0,8.879050563926385e-07,0.05653911154976899,8.763179657774246e-08
G[T>A]T,0.03537998372528918,0.0,5.756540520128889e-13,0.010896781854116081,0.025104800194136898
G[T>C]A,0.047424516892021325,0.0146126746409397,0.00024771637349358354,0.09206659067042033,0.028422842813956302
G[T>C]C,0.029179262959266806,0.012718360426475095,0.023055221476857266,0.0317017117463851,0.026016665712111423
G[T>C]G,0.048606670191374865,0.00731396918471774,0.007820651186055455,0.08349077445971338,0.01187468519505921
G[T>C]T,0.03612283563320373,0.009961971451041579,0.021980779230945584,0.1100260106833588,0.0
G[T>G]A,0.008329861952786462,0.004380648058480727,0.004913953450701826,0.0023820415924790434,0.009143382609772474
G[T>G]C,0.009279111727724873,0.002282111776709968,0.008244909265395362,0.004690499970905228,0.0
G[T>G]G,0.02115341330909994,0.0021558620547156514,9.489758539637223e-11,0.033814887056334515,0.014539020963709034
G[T>G]T,0.008721440405698163,0.004863742249044324,0.0,0.01560338166864629,0.02693852994791188
T[C>A]A,0.28967289118285594,0.0,0.0,0.0,0.11326202305789701
T[C>A]C,0.427378076468183,0.0,0.0,0.0471535411293234,0.09958415689446018
T[C>A]G,0.15959729556462937,0.0,0.001719955144880355,0.04261794716705688,0.0
T[C>A]T,0.3030377991753625,0.0,0.0,0.08664558889813562,1.609549762258837e-05
T[C>G]A,0.12610181284468247,0.4605368429922877,0.0,0.0,0.0
T[C>G]C,0.10360951964663849,0.18410397773222748,0.0,0.0,0.03071425063102875
T[C>G]G,0.040535707844365984,0.05658781171539765,0.0,0.0,0.0
T[C>G]T,0.16261885153051592,0.5721019107463399,0.0,0.0,0.0
T[C>T]A,0.22457348816267275,0.8206779260654108,0.0,0.0,0.0
T[C>T]C,0.16588257659971611,0.23058372390316587,0.0,0.2952086145912474,0.0
T[C>T]G,0.10466596449282545,0.3009636631867011,0.1886588859870771,0.14654530939366855,0.0
T[C>T]T,0.17164260311450205,0.4551371509124844,0.0,0.0,0.0
T[T>A]A,0.03168373246371068,0.0,0.0,0.012305868664159786,0.005186090579531595
T[T>A]C,0.03765548212326166,0.0,0.016076445985708426,0.021549659743206547,0.001031290431913581
T[T>A]G,0.056279182147404454,0.0,0.0,0.025175905802248565,1.1645689677377392e-11
T[T>A]T,0.03115902972117096,0.0,0.016214589113492148,0.0001576066728515087,0.01230509463015242
T[T>C]A,0.03391388381964149,0.0,0.0,0.018155370949659813,0.012728972366601952
T[T>C]C,0.02210819859905892,0.016304253797113227,0.03620686584952006,0.029824188513893974,0.0
T[T>C]G,0.03144150144397225,0.007838493029136098,1.4087811161197241e-21,0.04759819614125533,0.0016279943932284542
T[T>C]T,0.020056702827843345,0.00825056383984644,0.01612033459831992,0.023652689088015252,0.036225429030798145
T[T>G]A,0.009511923914641647,0.0034174187179312867,0.010663000851203974,3.3843392823323605e-12,1.659836515119566e-05
T[T>G]C,0.013689583407694557,0.004673040509294477,0.017675945693938187,0.009259609267999585,0.0
T[T>G]G,0.023687670585715283,0.0,0.011673847292545936,0.0009578573004904385,0.0005586233331194306
T[T>G]T,0.010993048865343647,0.009436580730966818,0.008709785770518157,0.010256171703749194,0.0870007461243109
